{
    "dport": {
        "name": "Dan Port",
        "password": "portspassword",
        "email": "dport@hawaii.edu"
    },
    "kazman": {
        "name": "Rick Kazman",
        "password": "kazmanpassword",
        "email": "kazman@hawaii.edu"
    },
    "itm352": {
        "name": "ITM 352",
        "password": "grader",
        "email": "itm352@hawaii.edu"
    },
    "gcleland": {
        "password": "cleland",
        "email": "gcleland@hawaii.edu",
        "name": "Geofrey Cleland"
    }
}